{"close":15.15,"volume":9890500,"ma20":14.82,"rsi":67.55,"bb_upper":15.8375460677532,"bb_lower":13.8024539322468,"foreign_buy_value":24.28,"foreign_sell_value":8.64}